

MariaDB [test]> select * from lists;
+------+---------+---------+---------+
| slNo | name    | salary1 | salary2 |
+------+---------+---------+---------+
|    1 | Akshaya | 20000   | 22000   |
|    2 | Aswin   | 30000   | 32000   |
|    3 | Aakash  | 40000   | 42000   |
|    4 | sanju   | 30000   | 32000   |
+------+---------+---------+---------+
4 rows in set (0.000 sec)

MariaDB [test]> select * from lists where salary1=20000 and salary2=22000;
+------+---------+---------+---------+
| slNo | name    | salary1 | salary2 |
+------+---------+---------+---------+
|    1 | Akshaya | 20000   | 22000   |
+------+---------+---------+---------+
1 row in set (0.001 sec)

MariaDB [test]> select * from lists where salary1=30000 and salary2=32000;
+------+-------+---------+---------+
| slNo | name  | salary1 | salary2 |
+------+-------+---------+---------+
|    2 | Aswin | 30000   | 32000   |
|    4 | sanju | 30000   | 32000   |
+------+-------+---------+---------+
2 rows in set (0.000 sec)

MariaDB [test]>  select * from lists where salary1=30000 or salary2=42000;
+------+--------+---------+---------+
| slNo | name   | salary1 | salary2 |
+------+--------+---------+---------+
|    2 | Aswin  | 30000   | 32000   |
|    3 | Aakash | 40000   | 42000   |
|    4 | sanju  | 30000   | 32000   |
+------+--------+---------+---------+
3 rows in set (0.000 sec)

MariaDB [test]>  select * from lists where not salary1=30000;
+------+---------+---------+---------+
| slNo | name    | salary1 | salary2 |
+------+---------+---------+---------+
|    1 | Akshaya | 20000   | 22000   |
|    3 | Aakash  | 40000   | 42000   |
+------+---------+---------+---------+
2 rows in set (0.028 sec)